value	charrepr
00000000	 
00000001	a
00000010	b
00000011	c
00000100	d
00000101	e
00000110	f
00000111	g
00001000	h
00001001	i
00001010	j
00001011	k
00001100	l
00001101	m
00001110	n
00001111	o
00010000	p
00010001	q
00010010	r
00010011	s
00010100	t
00010101	u
00010110	v
00010111	w
00011000	x
00011001	y
00011010	z
00011011	1
00011100	2
00011101	3
00011110	4
00011111	5
00100000	6
00100001	7
00100010	8
00100011	9
00100100	0
00100101	-
00100110	=
00100111	.
00101000	,
00101001	;
00101010	/
00101011	à
00101100	å
00101101	ç
00101110	è
00101111	è
00110000	ê
00110001	î
00110010	ï
00110011	û
00110100	|
00110101	[
00110110	]
00110111	"
00111000	🟧
00111001	🟨
00111010	🟩
00111011	🟦
00111100	🟪
00111101	⬜
00111110	▶
01000001	A
01000010	B
01000011	C
01000100	D
01000101	E
01000110	F
01000111	G
01001000	H
01001001	I
01001010	J
01001011	K
01001100	L
01001101	M
01001110	N
01001111	O
01010000	P
01010001	Q
01010010	R
01010011	S
01010100	T
01010101	U
01010110	V
01010111	W
01011000	X
01011001	Y
01011010	Z
01011011	!
01011100	@
01011101	#
01011110	$
01011111	%
01100000	?
01100001	&
01100010	*
01100011	(
01100100	)
01100101	_
01100110	+
01100111	.
01101000	'
01101001	:
01101010	~
01101011	À
01101100	Å
01101101	Ç
01101110	É
01101111	È
01110000	Ê
01110001	Î
01110010	Ï
01110011	Û
01110100	¦
01110101	{
01110110	}
01110111	^
01111000	>
01111001	<
01111010	█
01111011	➡️
01111100	⬅️
01111101	⬆️
01111110	⬇️
